{
    "epoch": 3.0,
    "eval_accuracy": 0.6155294117647059,
    "eval_loss": 1.9159928560256958,
    "eval_runtime": 9.5227,
    "eval_samples": 100,
    "eval_samples_per_second": 10.501,
    "eval_steps_per_second": 10.501,
    "perplexity": 6.793680596344175
}